code,term
0201010AA,Digoxin antibody
0201010AAAA,Digoxin antibody
0201010AAAAAAAA,Digoxin-specific antibody fragments 38mg inf vials
0201010AAAAABAB,Digoxin-specific antibody fragments 40mg inf vials
0201010AABB,Digibind
0201010AABBAAAA,Digibind 38mg powder for solution for injection vials
0201010AABC,DigiFab
0201010AABCAAAB,DigiFab 40mg powder for solution for infusion vials
0201010F0,Digoxin
0201010F0AA,Digoxin
0201010F0AAAAAA,Digoxin 50micrograms/ml oral solution
0201010F0AAACAC,Digoxin 500micrograms/2ml solution for infusion ampoules
0201010F0AAADAD,Digoxin 62.5microgram tablets
0201010F0AAAEAE,Digoxin 125microgram tablets
0201010F0AAAFAF,Digoxin 250microgram tablets
0201010F0AAANAN,Digoxin 125micrograms/5ml oral liquid
0201010F0AAAPAP,Digoxin 250micrograms/5ml oral liquid
0201010F0AAAQAQ,Digoxin 75micrograms/5ml oral liquid
0201010F0AAARAR,Digoxin 100micrograms/1ml solution for injection ampoules
0201010F0BB,Lanoxin
0201010F0BBAAAE,Lanoxin 125 tablets
0201010F0BBABAF,Lanoxin 250microgram tablets
0201010F0BBACAC,Lanoxin 500micrograms/2ml solution for infusion ampoules
0201010F0BBADAD,Lanoxin PG 62.5microgram tablets
0201010F0BBAEAA,Lanoxin PG 50micrograms/ml elixir
0201010F0BBAGAR,Lanoxin Injection Pediatric 100micrograms/1ml inj ampoules
0201010F0BE,Digamex
0201010F0BEAAAD,Digamex 62.5microgram tablets
0201010F0BEABAE,Digamex 125microgram tablets
0201010F0BEACAF,Digamex 250microgram tablets
0205010AB,Riociguat
0205010ABAA,Riociguat
0205010ABAAAAAA,Riociguat 500microgram tablets
0205010ABAAABAB,Riociguat 1mg tablets
0205010ABAAACAC,Riociguat 1.5mg tablets
0205010ABAAADAD,Riociguat 2mg tablets
0205010ABAAAEAE,Riociguat 2.5mg tablets
0205010ABBB,Adempas
0205010ABBBAAAA,Adempas 0.5mg tablets
0205010ABBBABAB,Adempas 1mg tablets
0205010ABBBACAC,Adempas 1.5mg tablets
0205010ABBBADAD,Adempas 2mg tablets
0205010ABBBAEAE,Adempas 2.5mg tablets
0208020V0,Warfarin sodium
0208020V0AA,Warfarin sodium
0208020V0AAAAAA,Warfarin 1mg tablets
0208020V0AAABAB,Warfarin 3mg tablets
0208020V0AAACAC,Warfarin 4mg tablets
0208020V0AAADAD,Warfarin 5mg tablets
0208020V0AAAIAI,Warfarin 5mg/5ml oral liquid
0208020V0AAAJAJ,Warfarin 2mg/5ml oral liquid
0208020V0AAAKAK,Warfarin 25mg/5ml oral solution
0208020V0AAAMAM,Warfarin 3mg/5ml oral liquid
0208020V0AAANAN,Warfarin 1mg/5ml oral liquid
0208020V0AAAPAP,Warfarin 4.16mg/5ml oral solution
0208020V0AAARAR,Warfarin 1.5mg/5ml oral solution
0208020V0AAASAS,Warfarin 500microgram tablets
0208020V0AAATAT,Warfarin 100micrograms/5ml oral solution
0208020V0AAAUAU,Warfarin 2.5mg/5ml oral solution
0208020V0AAAVAV,Warfarin 10mg/5ml oral liquid
0208020V0AAAWAW,Warfarin 4mg/5ml oral solution
0208020V0AAAXAX,Warfarin 500micrograms/5ml oral solution
0208020V0AABABA,Warfarin 1mg capsules
0208020V0AABBBB,Warfarin 1mg/ml oral suspension sugar free
0208020V0AABCBC,Warfarin 3mg capsules
0208020V0AABDBD,Warfarin 5mg capsules
0208020V0BB,Marevan
0208020V0BBAAAA,Marevan 1mg tablets
0208020V0BBABAB,Marevan 3mg tablets
0208020V0BBACAD,Marevan 5mg tablets
0208020V0BBAFAS,Marevan 500microgram tablets
0208020V0BD,Coumadin
0208020V0BDAAAC,Coumadin 4mg tablets
0208020X0,Dabigatran etexilate
0208020X0AA,Dabigatran etexilate
0208020X0AAAAAA,Dabigatran etexilate 75mg capsules
0208020X0AAABAB,Dabigatran etexilate 110mg capsules
0208020X0AAACAC,Dabigatran etexilate 150mg capsules
0208020X0BB,Pradaxa
0208020X0BBAAAA,Pradaxa 75mg capsules
0208020X0BBABAB,Pradaxa 110mg capsules
0208020X0BBACAC,Pradaxa 150mg capsules
0212000AA,Rosuvastatin calcium
0212000AAAA,Rosuvastatin calcium
0212000AAAAAAAA,Rosuvastatin 10mg tablets
0212000AAAAABAB,Rosuvastatin 20mg tablets
0212000AAAAACAC,Rosuvastatin 40mg tablets
0212000AAAAADAD,Rosuvastatin 5mg tablets
0212000AAAAAEAE,Rosuvastatin 20mg/5ml oral suspension
0212000AAAAAFAF,Rosuvastatin 5mg capsules
0212000AAAAAGAG,Rosuvastatin 10mg capsules
0212000AAAAAHAH,Rosuvastatin 20mg capsules
0212000AAAAAIAI,Rosuvastatin 40mg capsules
0212000AABB,Crestor
0212000AABBAAAA,Crestor 10mg tablets
0212000AABBABAB,Crestor 20mg tablets
0212000AABBACAC,Crestor 40mg tablets
0212000AABBADAD,Crestor 5mg tablets
030103,Theophylline
0301030,Theophylline
0301030B0,Aminophylline
0301030B0AA,Aminophylline
0301030B0AAA9A9,Aminophylline 250mg/10ml inj pre-filled syringes
0301030B0AAABAB,Aminophylline 250mg/10ml solution for injection ampoules
0301030B0AAAMAM,Aminophylline 360mg suppositories
0301030B0AAANAN,Aminophylline 100mg tablets
0301030B0AAARAR,Aminophylline 225mg modified-release tablets
0301030B0BC,Minjet (Aminophylline)
0301030B0BCAAA9,Aminophylline 250mg/10ml inj Minijet pre-filled syringes
0301030B0BD,Amnivent-225
0301030B0BDAAAR,Amnivent-225 SR tablets
0301030B0BF,Norphyllin
0301030B0BFABAR,Norphyllin SR 225mg tablets
0301030C0,Aminophylline hydrate
0301030C0AA,Aminophylline hydrate
0301030C0AAACAC,Aminophylline hydrate 350mg modified-release tablets
0301030C0AAADAD,Aminophylline hydrate 100mg modified-release tablets
0301030C0AAAEAE,Aminophylline hydrate 225mg modified-release tablets
0301030C0BC,Phyllocontin
0301030C0BCAAAE,Phyllocontin Continus 225mg tablets
0301030C0BCABAC,Phyllocontin Forte Continus 350mg tablets
0301030C0BCACAD,Phyllocontin Paediatric Continus 100mg tablets
0301030S0,Theophylline
0301030S0AA,Theophylline
0301030S0AAA3A3,Theophylline 300mg suppositories
0301030S0AAABAB,Theophylline 60mg modified-release capsules
0301030S0AAACAC,Theophylline 125mg modified-release capsules
0301030S0AAADAD,Theophylline 250mg modified-release capsules
0301030S0AAAGAG,Theophylline 60mg/5ml oral liquid
0301030S0AAAHAH,Theophylline 10mg/5ml oral liquid
0301030S0AAAJAJ,Theophylline 125mg tablets
0301030S0AAALAL,Theophylline 175mg modified-release tablets
0301030S0AAAMAM,Theophylline 200mg modified-release tablets
0301030S0AAANAN,Theophylline 250mg modified-release tablets
0301030S0AAAPAP,Theophylline 300mg modified-release tablets
0301030S0AAARAR,Theophylline 400mg modified-release tablets
0301030S0AABBBB,Theophylline 125mg/5ml oral suspension
0301030S0AABEBE,Theophylline 250mg/5ml oral liquid
0301030S0AABFBF,Theophylline 120mg/5ml oral liquid
0301030S0AABGBG,Theophylline 175mg/5ml oral liquid
0301030S0AABHBH,Theophylline 5mg/5ml oral solution
0301030S0AABJBJ,Theophylline 75mg/5ml oral suspension
0301030S0AABKBK,Theophylline 50mg/5ml oral solution
0301030S0AABLBL,Theophylline 50mg/5ml oral suspension
0301030S0BD,Nuelin
0301030S0BDAAAJ,Nuelin 125mg tablets
0301030S0BDABAG,Nuelin 60mg/5ml liquid
0301030S0BDAEAL,Nuelin SA 175mg tablets
0301030S0BDAFAN,Nuelin SA 250 tablets
0301030S0BH,Slo-Phyllin
0301030S0BHAAAB,Slo-Phyllin 60mg capsules
0301030S0BHABAC,Slo-Phyllin 125mg capsules
0301030S0BHACAD,Slo-Phyllin 250mg capsules
0301030S0BI,Theo-Dur
0301030S0BIAAAM,Theo-Dur 200mg tablets
0301030S0BIABAP,Theo-Dur 300mg tablets
0301030S0BK,Uniphyllin Continus
0301030S0BKAAAR,Uniphyllin Continus 400mg tablets
0301030S0BKABAM,Uniphyllin Continus 200mg tablets
0301030S0BKACAP,Uniphyllin Continus 300mg tablets
0301040J0AAAAAA,Theophylline 120mg / Ephedrine sulfate 15mg tablets
0301040K0AAAGAG,Theophylline 120mg / Ephedrine hydrochloride 11mg tablets
0302000K0,Budesonide
0302000K0AA,Budesonide (Inhalation)
0302000K0AAAAAA,Budesonide 50micrograms/dose inhaler
0302000K0AAADAD,Budesonide 200micrograms/dose inhaler
0302000K0AAAGAG,Budesonide 200micrograms/dose dry powder inhaler
0302000K0AAAHAH,Budesonide 400micrograms/dose dry powder inhaler
0302000K0AAAIAI,Budesonide 1mg/2ml nebuliser liquid unit dose vials
0302000K0AAAJAJ,Budesonide 500micrograms/2ml neb liq unit dose vials
0302000K0AAAKAK,Budesonide 100micrograms/dose dry powder inhaler
0302000K0AAALAL,Budesonide 100microg / Formoterol 6microg/dose dry pdr inh
0302000K0AAAMAM,Budesonide 200mcg/dose / Formoterol 6mcg/dose dry powder inh
0302000K0AAARAR,Budesonide 200microgram inhalation powder capsules
0302000K0AAASAS,Budesonide 400microgram inhalation powder capsules
0302000K0AAATAT,Budesonide 200micrograms/dose inhaler with spacer
0302000K0AAAUAU,Budesonide 400mcg/dose /Formoterol 12mcg/dose dry powder inh
0302000K0AAAVAV,Budesonide 200microg/dose dry pdr inhalation cart with dev
0302000K0AAAWAW,Budesonide 200micrograms/dose dry pdr inhalation cartridge
0302000K0AAAZAZ,Budesonide 100micrograms/dose inhaler CFC free
0302000K0AABABA,Budesonide 200micrograms/dose inhaler CFC free
0302000K0AABBBB,Budesonide 200microg / Formoterol 6microg/dose inh CFC free
0302000K0AABCBC,Budesonide 100microg / Formoterol 3microg/dose inh CFC free
0302000K0BB,Pulmicort
0302000K0BBADAD,Pulmicort 200micrograms/dose inhaler
0302000K0BBAEAA,Pulmicort LS 50micrograms/dose inhaler
0302000K0BBAGAI,Pulmicort 1mg Respules
0302000K0BBAHAG,Pulmicort 200 Turbohaler
0302000K0BBAIAH,Pulmicort 400 Turbohaler
0302000K0BBAJAJ,Pulmicort 0.5mg Respules
0302000K0BBAKAK,Pulmicort 100 Turbohaler
0302000K0BBALAT,Pulmicort 200micrograms/dose inhaler with Nebuchamber
0302000K0BBAMAZ,Pulmicort 100micrograms/dose inhaler CFC free
0302000K0BBANBA,Pulmicort 200micrograms/dose inhaler CFC free
0302000K0BD,Symbicort
0302000K0BDAAAL,Symbicort 100/6 Turbohaler
0302000K0BDABAM,Symbicort 200/6 Turbohaler
0302000K0BDACAU,Symbicort 400/12 Turbohaler
0302000K0BDADBB,Symbicort 200microg/dose / 6microg/dose pressurised inh
0302000K0BDAEBC,Symbicort 100microg/dose / 3microg/dose pressurised inh
0302000K0BE,Budesonide Cyclocap
0302000K0BEAAAR,Budesonide 200 Cyclocaps
0302000K0BEABAS,Budesonide 400 Cyclocaps
0302000K0BF,Budelin Novolizer
0302000K0BFAAAV,Budelin Novolizer 200micrograms/dose inhalation powder
0302000K0BFABAW,Budelin Novolizer 200micrograms/dose inhalation pdr refill
0302000K0BG,Easyhaler (Budesonide)
0302000K0BGAAAK,Easyhaler Budesonide 100micrograms/dose dry powder inhaler
0302000K0BGABAG,Easyhaler Budesonide 200micrograms/dose dry powder inhaler
0302000K0BGACAH,Easyhaler Budesonide 400micrograms/dose dry powder inhaler
0302000K0BH,DuoResp Spiromax
0302000K0BHAAAM,DuoResp Spiromax 160microg/dose / 4.5microg/dose dry pdr inh
0302000K0BHABAU,DuoResp Spiromax 320microg/dose / 9microg/dose dry pdr inh
0302000K0BI,Fobumix
0302000K0BIAAAU,Fobumix Easyhaler 320microg/dose / 9microg/dose dry pdr inh
0302000K0BIABAM,Fobumix Easyhaler 160microg / 4.5microg/dose dry pdr inh
0302000K0BIADAL,Fobumix Easyhaler 80microg/dose / 4.5microg/dose dry pdr inh
0302000K0BJ,WockAIR
0302000K0BJAAAM,WockAIR 160micrograms/dose / 4.5micrograms/dose dry pdr inh
0302000K0BJABAU,WockAIR 320micrograms/dose / 9micrograms/dose dry pdr inh
0302000N0,Fluticasone propionate (Inhalation)
0302000N0AA,Fluticasone propionate (Inhalation)
0302000N0AAAAAA,Fluticasone propionate 50microg inhalation pdr blist
0302000N0AAABAB,Fluticasone propionate 50microgram inhalation pdr blist
0302000N0AAACAC,Fluticasone propionate100microg inhalation pdr blist
0302000N0AAADAD,Fluticasone propionate 100microgram inhalation pdr blist
0302000N0AAAEAE,Fluticasone propionate 250mcg inhalation pdr blist + dev
0302000N0AAAFAF,Fluticasone propionate 250microgram inhalation pdr blist
0302000N0AAAGAG,Fluticasone 25micrograms/dose inhaler
0302000N0AAAPAP,Fluticasone propionate 500microg inhalation pdr blist
0302000N0AAAQAQ,Fluticasone propionate 500microgram inhalation pdr blist
0302000N0AAARAR,Fluticasone propionate 50micrograms/dose dry powder inhaler
0302000N0AAASAS,Fluticasone propionate 100micrograms/dose dry powder inhaler
0302000N0AAATAT,Fluticasone propionate 250micrograms/dose dry powder inhaler
0302000N0AAAUAU,Fluticasone propionate 500micrograms/dose dry powder inhaler
0302000N0AAAVAV,Fluticasone 500micrograms/2ml neb liq unit dose vials
0302000N0AAAWAW,Fluticasone 2mg/2ml nebuliser liquid unit dose vials
0302000N0AAAXAX,Fluticasone propionate 100microg/Salmeterol 50microg/dose
0302000N0AAAYAY,Fluticasone propionate 250microg/Salmeterol 50microg/dose
0302000N0AAAZAZ,Fluticasone propion 500mcg/Salmeterol 50mcg/dose dry pdr inh
0302000N0AABABA,Fluticasone 125micrograms/dose inhaler CFC free
0302000N0AABCBC,Fluticasone 250micrograms/dose inhaler CFC free
0302000N0AABEBE,Fluticasone 50microg / Salmeterol 25microg/dose inh CFC free
0302000N0AABFBF,Fluticasone 125mcg/dose / Salmeterol 25mcg/dose inh CFC free
0302000N0AABGBG,Fluticasone 250mcg/dose / Salmeterol 25mcg/dose inh CFC free
0302000N0AABHBH,Fluticasone 50micrograms/dose inhaler CFC free
0302000N0AABJBJ,Fluticasone 125microg / Formoterol 5microg/dose inh CFC free
0302000N0AABKBK,Fluticasone 250microg / Formoterol 10microg/dose inh CFCfree
0302000N0AABLBL,Fluticasone 50microg / Formoterol 5microg/dose inh CFC free
0302000N0AABPBP,Fluticasone 125microg/Formoterol 5microg/dose BA inh CFCfree
0302000N0AABQBQ,Fluticasone 50microg/Formoterol 5microg/dose BA inh CFC free
0302000N0AABRBR,Fluticasone propionate 100microg/Salmeterol 12.75microg/dose
0302000N0AABSBS,Fluticasone propionate 202microg/Salmeterol 12.75microg/dose
0302000N0BB,Flixotide
0302000N0BBAAAA,Flixotide 50microgram disks with Diskhaler
0302000N0BBABAB,Flixotide 50microgram disks
0302000N0BBACAC,Flixotide 100microgram disks with Diskhaler
0302000N0BBADAD,Flixotide 100microgram disks
0302000N0BBAEAE,Flixotide 250microgram disks with Diskhaler
0302000N0BBAFAF,Flixotide 250microgram disks
0302000N0BBAGAG,Flixotide 25micrograms/dose inhaler
0302000N0BBAPAP,Flixotide 500microgram disks with Diskhaler
0302000N0BBAQAQ,Flixotide 500microgram disks
0302000N0BBARAR,Flixotide 50micrograms/dose Accuhaler
0302000N0BBASAS,Flixotide 100micrograms/dose Accuhaler
0302000N0BBATAT,Flixotide 250micrograms/dose Accuhaler
0302000N0BBAUAU,Flixotide 500micrograms/dose Accuhaler
0302000N0BBAVAV,Flixotide 0.5mg/2ml Nebules
0302000N0BBAWAW,Flixotide 2mg/2ml Nebules
0302000N0BBAYBA,Flixotide 125micrograms/dose Evohaler
0302000N0BBBABC,Flixotide 250micrograms/dose Evohaler
0302000N0BBBBBH,Flixotide 50micrograms/dose Evohaler
0302000N0BC,Seretide
0302000N0BCAAAX,Seretide 100 Accuhaler
0302000N0BCABAY,Seretide 250 Accuhaler
0302000N0BCACAZ,Seretide 500 Accuhaler
0302000N0BCADBE,Seretide 50 Evohaler
0302000N0BCAEBF,Seretide 125 Evohaler
0302000N0BCAFBG,Seretide 250 Evohaler
0302000N0BD,Flutiform
0302000N0BDAABJ,Flutiform 125micrograms/dose / 5micrograms/dose inhaler
0302000N0BDABBK,Flutiform 250micrograms/dose / 10micrograms/dose inhaler
0302000N0BDACBL,Flutiform 50micrograms/dose / 5micrograms/dose inhaler
0302000N0BDADBP,Flutiform K-haler 125microg/dose / 5microg/dose BA inhaler
0302000N0BDAEBQ,Flutiform K-haler 50microg/dose / 5microg/dose BA inh
0302000N0BF,Sirdupla
0302000N0BFAABF,Sirdupla 25micrograms/dose / 125micrograms/dose inhaler
0302000N0BFABBG,Sirdupla 25micrograms/dose / 250micrograms/dose inhaler
0302000N0BG,AirFluSal
0302000N0BGAAAZ,AirFluSal Forspiro 50microg / 500microg/dose dry pdr inh
0302000N0BGABBF,AirFluSal 25micrograms/dose / 125micrograms/dose inhaler
0302000N0BGACBG,AirFluSal 25micrograms/dose / 250micrograms/dose inhaler
0302000N0BH,Aerivio Spiromax
0302000N0BHAAAZ,Aerivio Spiromax 50microg / 500microg/dose dry pdr inh
0302000N0BI,Sereflo
0302000N0BIAABF,Sereflo 25micrograms/dose / 125micrograms/dose inhaler
0302000N0BIABBG,Sereflo 25micrograms/dose / 250micrograms/dose inhaler
0302000N0BIACAY,Sereflo Ciphaler 50microg / 250microg/dose dry pdr inh
0302000N0BJ,Aloflute
0302000N0BJAABF,Aloflute 25micrograms/dose / 125micrograms/dose inhaler
0302000N0BJABBG,Aloflute 25micrograms/dose / 250micrograms/dose inhaler
0302000N0BK,Fusacomb Easyhaler
0302000N0BKAAAY,Fusacomb Easyhaler 50microg / 250microg/dose dry pdr inh
0302000N0BKABAZ,Fusacomb Easyhaler 50microg / 500microg/dose dry pdr inh
0302000N0BL,Combisal
0302000N0BLAABE,Combisal 25micrograms/dose / 50micrograms/dose inhaler
0302000N0BLABBF,Combisal 25micrograms/dose / 125micrograms/dose inhaler
0302000N0BLACBG,Combisal 25micrograms/dose / 250micrograms/dose inhaler
0302000N0BM,Stalpex
0302000N0BMAAAZ,Stalpex 50microg/dose / 500microg/dose dry powder inh
0302000N0BN,Fixkoh Airmaster
0302000N0BNAAAZ,Fixkoh Airmaster 50microg/dose / 500microg/dose dry pdr inh
0302000N0BNABAY,Fixkoh Airmaster 50microg/dose / 250microg/dose dry pdr inh
0302000N0BNACAX,Fixkoh Airmaster 50microg/dose / 100microg/dose dry pdr inh
0302000N0BP,Avenor
0302000N0BPAABE,Avenor 25micrograms/dose / 50micrograms/dose inhaler
0302000N0BPABBF,Avenor 25micrograms/dose / 125micrograms/dose inhaler
0302000N0BPACBG,Avenor 25micrograms/dose / 250micrograms/dose inhaler
0302000N0BQ,Seffalair Spiromax
0302000N0BQAABR,Seffalair Spiromax 12.75microg / 100microg/dose dry pdr inh
0302000N0BQABBS,Seffalair Spiromax 12.75microg / 202microg/dose dry pdr inh
0309010S0,Methadone hydrochloride
0309010S0AA,Methadone hydrochloride (cough)
0309010S0AAAAAA,Methadone 2mg/5ml linctus
0402030Q0,Valproic acid
0402030Q0AA,Valproic acid (Bipolar)
0402030Q0AAAAAA,Valproic acid 250mg gastro-resistant tablets
0402030Q0AAABAB,Valproic acid 500mg gastro-resistant tablets
0402030Q0BB,Depakote (Bipolar)
0402030Q0BBAAAA,Depakote 250mg gastro-resistant tablets
0402030Q0BBABAB,Depakote 500mg gastro-resistant tablets
0402030Q0BC,Belvo
0402030Q0BCAAAA,Belvo 250mg gastro-resistant tablets
0402030Q0BCABAB,Belvo 500mg gastro-resistant tablets
0402030Q0BD,Syonell
0402030Q0BDAAAB,Syonell 500mg gastro-resistant tablets
0402030Q0BDABAA,Syonell 250mg gastro-resistant tablets
0404000L0,Dexamfetamine sulfate
0404000L0AA,Dexamfetamine sulfate
0404000L0AAABAB,Dexamfetamine 15mg modified-release capsules
0404000L0AAAFAF,Amfetamine 10mg / Dexamfetamine 10mg modified-release caps
0404000L0AAAJAJ,Dexamfetamine 5mg tablets
0404000L0AAAMAM,Dexamfetamine 5mg/5ml oral liquid
0404000L0AAANAN,Dexamfetamine 10mg/5ml oral liquid
0404000L0AAAPAP,Dexamfetamine 125mg/5ml oral liquid
0404000L0AAAQAQ,Dexamfetamine 100mg/5ml oral liquid
0404000L0AAARAR,Dexamfetamine 7.5mg/5ml oral liquid
0404000L0AAATAT,Dexamfetamine 2.5mg/5ml oral liquid
0404000L0AAAUAU,Dexamfetamine 3mg/5ml oral liquid
0404000L0AAAVAV,Amfetamine 5mg / Dexamfetamine 5mg tablets
0404000L0AAAYAY,Amfetamine 15mg / Dexamfetamine 15mg modified-release caps
0404000L0AABABA,Dexamfetamine 10mg modified-release capsules
0404000L0AABBBB,Dexamfetamine 45mg/5ml oral liquid
0404000L0AABCBC,Dexamfetamine 5mg modified-release capsules
0404000L0AABDBD,Amfetamine 2.5mg / Dexamfetamine 2.5mg modified-release caps
0404000L0AABEBE,Amfetamine 7.5mg / Dexamfetamine 7.5mg modified-release caps
0404000L0AABFBF,Amfetamine 12.5mg / Dexamfetamine 12.5mg MR caps
0404000L0AABHBH,Amfetamine 5mg / Dexamfetamine 5mg modified-release capsules
0404000L0AABJBJ,Dexamfetamine 20mg/5ml oral solution
0404000L0AABMBM,Dexamfetamine 5mg/5ml oral solution sugar free
0404000L0AABNBN,Dexamfetamine 10mg tablets
0404000L0AABPBP,Dexamfetamine 20mg tablets
0404000L0BB,Dexedrine
0404000L0BBAAAJ,Dexedrine 5mg tablets
0404000L0BBADAB,Dexedrine 15mg Spansules
0404000L0BBAEBA,Dexedrine 10mg Spansules
0404000L0BBAFBC,Dexedrine 5mg Spansules
0404000L0BF,Adderall
0404000L0BFAAAV,Adderall 10mg tablets
0404000L0BFADAY,Adderall XR 30mg capsules
0404000L0BFAEAF,Adderall XR 20mg capsules
0404000L0BFAFBH,Adderall XR 10mg capsules
0404000L0BFAGBD,Adderall XR 5mg capsules
0404000L0BFAHBE,Adderall XR 15mg capsules
0404000L0BFAIBF,Adderall XR 25mg capsules
0404000L0BG,Amfexa
0404000L0BGAAAJ,Amfexa 5mg tablets
0404000L0BGABBN,Amfexa 10mg tablets
0404000L0BGACBP,Amfexa 20mg tablets
0404000M0,Methylphenidate hydrochloride
0404000M0AA,Methylphenidate hydrochloride
0404000M0AAAAAA,Methylphenidate 10mg tablets
0404000M0AAACAC,Methylphenidate 10mg/5ml oral solution
0404000M0AAADAD,Methylphenidate 6.25mg/5ml oral solution
0404000M0AAAFAF,Methylphenidate 5mg/5ml oral solution
0404000M0AAAGAG,Methylphenidate 20mg/5ml oral solution
0404000M0AAAHAH,Methylphenidate 20mg modified-release tablets
0404000M0AAAIAI,Methylphenidate 12.5mg/5ml oral solution
0404000M0AAAJAJ,Methylphenidate 5mg tablets
0404000M0AAAKAK,Methylphenidate 20mg tablets
0404000M0AAALAL,Methylphenidate 2.5mg/5ml oral solution
0404000M0AAAMAM,Methylphenidate 18mg modified-release tablets
0404000M0AAANAN,Methylphenidate 36mg modified-release tablets
0404000M0AAAQAQ,Methylphenidate 20mg modified-release capsules
0404000M0AAARAR,Methylphenidate 54mg modified-release tablets
0404000M0AAATAT,Methylphenidate 27mg modified-release tablets
0404000M0AAAUAU,Methylphenidate 10mg modified-release capsules
0404000M0AAAVAV,Methylphenidate 30mg modified-release capsules
0404000M0AAAWAW,Methylphenidate 40mg modified-release capsules
0404000M0AAAXAX,Methylphenidate 15mg/5ml oral solution
0404000M0AAAYAY,Methylphenidate 5mg modified-release capsules
0404000M0AAAZAZ,Methylphenidate 50mg modified-release capsules
0404000M0AABABA,Methylphenidate 60mg modified-release capsules
0404000M0AABBBB,Methylphenidate 5mg/5ml oral suspension
0404000M0BB,Ritalin
0404000M0BBAAAA,Ritalin 10mg tablets
0404000M0BBABAH,Ritalin-SR 20mg tablets
0404000M0BBACAU,Ritalin XL 10mg capsules
0404000M0BBADAQ,Ritalin XL 20mg capsules
0404000M0BBAEAV,Ritalin XL 30mg capsules
0404000M0BBAFBA,Ritalin XL 60mg capsules
0404000M0BBAGAW,Ritalin XL 40mg capsules
0404000M0BC,Equasym
0404000M0BCAAAJ,Equasym 5mg tablets
0404000M0BCABAA,Equasym 10mg tablets
0404000M0BCACAK,Equasym 20mg tablets
0404000M0BCADAU,Equasym XL 10mg capsules
0404000M0BCAEAQ,Equasym XL 20mg capsules
0404000M0BCAFAV,Equasym XL 30mg capsules
0404000M0BD,Concerta
0404000M0BDAAAM,Concerta XL 18mg tablets
0404000M0BDABAN,Concerta XL 36mg tablets
0404000M0BDACAR,Concerta 54mg modified-release tablets
0404000M0BDADAT,Concerta 27mg modified-release tablets
0404000M0BDAEAT,Concerta XL 27mg tablets
0404000M0BDAFAR,Concerta XL 54mg tablets
0404000M0BF,Tranquilyn
0404000M0BFAAAJ,Tranquilyn 5mg tablets
0404000M0BFABAA,Tranquilyn 10mg tablets
0404000M0BFACAK,Tranquilyn 20mg tablets
0404000M0BG,Medikinet
0404000M0BGAAAJ,Medikinet 5mg tablets
0404000M0BGABAA,Medikinet 10mg tablets
0404000M0BGACAK,Medikinet 20mg tablets
0404000M0BGADAU,Medikinet XL 10mg capsules
0404000M0BGAEAQ,Medikinet XL 20mg capsules
0404000M0BGAFAV,Medikinet XL 30mg capsules
0404000M0BGAGAW,Medikinet XL 40mg capsules
0404000M0BGAHAY,Medikinet XL 5mg capsules
0404000M0BGAIAZ,Medikinet XL 50mg capsules
0404000M0BGAJBA,Medikinet XL 60mg capsules
0404000M0BH,Matoride
0404000M0BHAAAN,Matoride XL 36mg tablets
0404000M0BHABAR,Matoride XL 54mg tablets
0404000M0BHACAM,Matoride XL 18mg tablets
0404000M0BI,Xenidate
0404000M0BIAAAM,Xenidate XL 18mg tablets
0404000M0BIACAN,Xenidate XL 36mg tablets
0404000M0BIADAR,Xenidate XL 54mg tablets
0404000M0BIAEAT,Xenidate XL 27mg tablets
0404000M0BJ,Delmosart
0404000M0BJAAAM,Delmosart 18mg modified-release tablets
0404000M0BJABAT,Delmosart 27mg modified-release tablets
0404000M0BJACAN,Delmosart 36mg modified-release tablets
0404000M0BJADAR,Delmosart 54mg modified-release tablets
0404000M0BK,Xaggitin
0404000M0BKAAAM,Xaggitin XL 18mg tablets
0404000M0BKABAT,Xaggitin XL 27mg tablets
0404000M0BKACAN,Xaggitin XL 36mg tablets
0404000M0BKADAR,Xaggitin XL 54mg tablets
0404000M0BL,Metyrol
0404000M0BLAAAU,Metyrol XL 10 mg capsules
0404000M0BLABAQ,Metyrol XL 20mg capsules
0404000M0BLACAV,Metyrol XL 30mg capsules
0404000M0BLADAW,Metyrol XL 40mg capsules
0404000M0BLAEBA,Metyrol XL 60mg capsules
0404000R0,Modafinil
0404000R0AA,Modafinil
0404000R0AAAAAA,Modafinil 100mg tablets
0404000R0AAACAC,Modafinil 200mg tablets
0404000R0AAADAD,Modafinil 100mg/5ml oral solution
0404000R0AAAFAF,Modafinil 200mg/5ml oral solution
0404000R0AAAGAG,Modafinil 100mg/5ml oral suspension
0404000R0BB,Provigil
0404000R0BBAAAA,Provigil 100mg tablets
0404000R0BBABAC,Provigil 200mg tablets
0404000T0,Dexmethylphenidate hydrochloride
0404000T0AA,Dexmethylphenidate hydrochloride
0404000T0AAAAAA,Dexmethylphenidate 10mg modified-release capsules
0404000T0BB,Focalin XR
0404000T0BBAAAA,Focalin XR 10mg capsules
0407020A0,Fentanyl
0407020A0AA,Fentanyl
0407020A0AAAEAE,Fentanyl 25micrograms/hour transdermal patches
0407020A0AAAFAF,Fentanyl 50micrograms/hour transdermal patches
0407020A0AAAGAG,Fentanyl 75micrograms/hour transdermal patches
0407020A0AAAHAH,Fentanyl 100micrograms/hour transdermal patches
0407020A0AAAIAI,Fentanyl 200microgram lozenges
0407020A0AAAJAJ,Fentanyl 400microgram lozenges
0407020A0AAAKAK,Fentanyl 600microgram lozenges
0407020A0AAALAL,Fentanyl 800microgram lozenges
0407020A0AAANAN,Fentanyl 1.2mg lozenges
0407020A0AAAPAP,Fentanyl 1.6mg lozenges
0407020A0AAAUAU,Fentanyl 12micrograms/hour transdermal patches
0407020A0AAAWAW,Fentanyl 100microgram sublingual tablets sugar free
0407020A0AAAXAX,Fentanyl 200microgram sublingual tablets sugar free
0407020A0AAAYAY,Fentanyl 300microgram sublingual tablets sugar free
0407020A0AAAZAZ,Fentanyl 400microgram sublingual tablets sugar free
0407020A0AABABA,Fentanyl 600microgram sublingual tablets sugar free
0407020A0AABBBB,Fentanyl 800microgram sublingual tablets sugar free
0407020A0AABCBC,Fentanyl 100microgram buccal tablets sugar free
0407020A0AABDBD,Fentanyl 200microgram buccal tablets sugar free
0407020A0AABEBE,Fentanyl 400microgram buccal tablets sugar free
0407020A0AABFBF,Fentanyl 600microgram buccal tablets sugar free
0407020A0AABGBG,Fentanyl 800microgram buccal tablets sugar free
0407020A0AABHBH,Fentanyl 50micrograms/dose nasal spray
0407020A0AABJBJ,Fentanyl 100micrograms/dose nasal spray
0407020A0AABLBL,Fentanyl 200micrograms/dose nasal spray
0407020A0AABPBP,Fentanyl 400micrograms/dose nasal spray
0407020A0AABTBT,Fentanyl 200microgram buccal films sugar free
0407020A0AABUBU,Fentanyl 400microgram buccal films sugar free
0407020A0AABVBV,Fentanyl 800microgram buccal films sugar free
0407020A0AABWBW,Fentanyl 37.5microgram/hour transdermal patches
0407020A0AABXBX,Fentanyl 133microgram sublingual tablets sugar free
0407020A0AABYBY,Fentanyl 533microgram sublingual tablets sugar free
0407020A0AABZBZ,Fentanyl 267microgram sublingual tablets sugar free
0407020A0BB,Durogesic
0407020A0BBAAAE,Durogesic 25micrograms transdermal patches
0407020A0BBABAF,Durogesic 50micrograms transdermal patches
0407020A0BBACAG,Durogesic 75micrograms transdermal patches
0407020A0BBADAH,Durogesic 100micrograms transdermal patches
0407020A0BBAIAE,Durogesic DTrans 25micrograms/hour transdermal patches
0407020A0BBAJAF,Durogesic DTrans 50micrograms/hour transdermal patches
0407020A0BBAKAG,Durogesic DTrans 75micrograms/hour transdermal patches
0407020A0BBALAH,Durogesic DTrans 100micrograms/hour transdermal patches
0407020A0BBAMAU,Durogesic DTrans 12micrograms/hour transdermal patches
0407020A0BC,Actiq
0407020A0BCAAAI,Actiq 200microgram loz with integral oromucosal applicator
0407020A0BCABAJ,Actiq 400microgram loz with integral oromucosal applicator
0407020A0BCACAK,Actiq 600microgram loz with integral oromucosal applicator
0407020A0BCADAL,Actiq 800microgram loz with integral oromucosal applicator
0407020A0BCAEAN,Actiq 1.2mg lozenges with integral oromucosal applicator
0407020A0BCAFAP,Actiq 1.6mg lozenges with integral oromucosal applicator
0407020A0BD,Tilofyl
0407020A0BDAAAE,Tilofyl 25micrograms/hour transdermal patches
0407020A0BDABAF,Tilofyl 50micrograms/hour transdermal patches
0407020A0BDACAG,Tilofyl 75micrograms/hour transdermal patches
0407020A0BDADAH,Tilofyl 100micrograms/hour transdermal patches
0407020A0BE,Matrifen
0407020A0BEAAAU,Matrifen 12micrograms/hour transdermal patches
0407020A0BEABAE,Matrifen 25micrograms/hour transdermal patches
0407020A0BEACAF,Matrifen 50micrograms/hour transdermal patches
0407020A0BEADAG,Matrifen 75micrograms/hour transdermal patches
0407020A0BEAEAH,Matrifen 100micrograms/hour transdermal patches
0407020A0BF,Mezolar Matrix
0407020A0BFAAAU,Mezolar Matrix 12micrograms/hour transdermal patches
0407020A0BFABAE,Mezolar Matrix 25micrograms/hour transdermal patches
0407020A0BFACAF,Mezolar Matrix 50micrograms/hour transdermal patches
0407020A0BFADAG,Mezolar Matrix 75micrograms/hour transdermal patches
0407020A0BFAEAH,Mezolar Matrix 100micrograms/hour transdermal patches
0407020A0BFAFBW,Mezolar Matrix 37.5microgram/hour transdermal patches
0407020A0BG,Fentalis
0407020A0BGAAAE,Fentalis Reservoir 25micrograms/hour transdermal patches
0407020A0BGABAF,Fentalis Reservoir 50micrograms/hour transdermal patches
0407020A0BGACAG,Fentalis Reservoir 75micrograms/hour transdermal patches
0407020A0BGADAH,Fentalis Reservoir 100micrograms/hour transdermal patches
0407020A0BH,Osmach
0407020A0BHAAAE,Osmach 25micrograms/hour transdermal patches
0407020A0BHABAF,Osmach 50micrograms/hour transdermal patches
0407020A0BHACAG,Osmach 75micrograms/hour transdermal patches
0407020A0BHADAH,Osmach 100micrograms/hour transdermal patches
0407020A0BJ,Abstral
0407020A0BJAAAW,Abstral 100microgram sublingual tablets
0407020A0BJABAX,Abstral 200microgram sublingual tablets
0407020A0BJACAY,Abstral 300microgram sublingual tablets
0407020A0BJADAZ,Abstral 400microgram sublingual tablets
0407020A0BJAEBA,Abstral 600microgram sublingual tablets
0407020A0BJAFBB,Abstral 800microgram sublingual tablets
0407020A0BK,Effentora
0407020A0BKAABC,Effentora 100microgram buccal tablets
0407020A0BKABBD,Effentora 200microgram buccal tablets
0407020A0BKACBE,Effentora 400microgram buccal tablets
0407020A0BKADBF,Effentora 600microgram buccal tablets
0407020A0BKAEBG,Effentora 800microgram buccal tablets
0407020A0BL,Osmanil
0407020A0BLAAAE,Osmanil 25micrograms/hour transdermal patches
0407020A0BLABAF,Osmanil 50micrograms/hour transdermal patches
0407020A0BLACAG,Osmanil 75micrograms/hour transdermal patches
0407020A0BLADAH,Osmanil 100micrograms/hour transdermal patches
0407020A0BLAEAU,Osmanil 12micrograms/hour transdermal patches
0407020A0BM,Victanyl
0407020A0BMAAAE,Victanyl 25micrograms/hour transdermal patches
0407020A0BMABAF,Victanyl 50micrograms/hour transdermal patches
0407020A0BMACAG,Victanyl 75micrograms/hour transdermal patches
0407020A0BMADAH,Victanyl 100micrograms/hour transdermal patches
0407020A0BMAEAU,Victanyl 12micrograms/hour transdermal patches
0407020A0BN,Instanyl
0407020A0BNAGBL,Instanyl 200micrograms/dose nasal spray
0407020A0BNAHBJ,Instanyl 100micrograms/dose nasal spray
0407020A0BNAIBH,Instanyl 50micrograms/dose nasal spray
0407020A0BP,PecFent
0407020A0BPAABJ,PecFent 100micrograms/dose nasal spray
0407020A0BPABBP,PecFent 400micrograms/dose nasal spray
0407020A0BQ,Fencino
0407020A0BQAAAU,Fencino 12micrograms/hour transdermal patches
0407020A0BQABAE,Fencino 25micrograms/hour transdermal patches
0407020A0BQACAF,Fencino 50micrograms/hour transdermal patches
0407020A0BQADAG,Fencino 75micrograms/hour transdermal patches
0407020A0BQAEAH,Fencino 100micrograms/hour transdermal patches
0407020A0BR,Opiodur
0407020A0BRAAAU,Opiodur 12micrograms/hour transdermal patches (Pfizer)
0407020A0BRABAE,Opiodur 25micrograms/hour transdermal patches (Pfizer)
0407020A0BRACAG,Opiodur 75micrograms/hour transdermal patches (Pfizer)
0407020A0BRADAH,Opiodur 100micrograms/hour transdermal patches (Pfizer)
0407020A0BRAEAF,Opiodur 50micrograms/hour transdermal patches (Pfizer)
0407020A0BRAFAU,Opiodur 12micrograms/hour transdermal patches (RX Farma)
0407020A0BRAGAE,Opiodur 25micrograms/hour transdermal patches (RX Farma)
0407020A0BRAHAF,Opiodur 50micrograms/hour transdermal patches (RX Farma)
0407020A0BRAIAG,Opiodur 75micrograms/hour transdermal patches (RX Farma)
0407020A0BRAJAH,Opiodur 100micrograms/hour transdermal patches (RX Farma)
0407020A0BRAKAU,Opiodur 12micrograms/hour transdermal patches (Zentiva)
0407020A0BRALAE,Opiodur 25micrograms/hour transdermal patches (Zentiva)
0407020A0BRAMAF,Opiodur 50micrograms/hour transdermal patches (Zentiva)
0407020A0BRANAG,Opiodur 75micrograms/hour transdermal patches (Zentiva)
0407020A0BRAPAH,Opiodur 100micrograms/hour transdermal patches (Zentiva)
0407020A0BS,Breakyl
0407020A0BSAABT,Breakyl 200microgram buccal films
0407020A0BSABBU,Breakyl 400microgram buccal films
0407020A0BSACBV,Breakyl 800microgram buccal films
0407020A0BT,Recivit
0407020A0BTAABX,Recivit 133microgram sublingual tablets
0407020A0BTABAZ,Recivit 400microgram sublingual tablets
0407020A0BTACBY,Recivit 533microgram sublingual tablets
0407020A0BTADBZ,Recivit 267microgram sublingual tablets
0407020A0BTAEBB,Recivit 800microgram sublingual tablets
0407020A0BU,Mylafent
0407020A0BUAAAU,Mylafent 12micrograms/hour transdermal patches
0407020A0BUABAE,Mylafent 25micrograms/hour transdermal patches
0407020A0BUACAF,Mylafent 50micrograms/hour transdermal patches
0407020A0BUADAG,Mylafent 75micrograms/hour transdermal patches
0407020A0BUAEAH,Mylafent 100micrograms/hour transdermal patches
0407020A0BV,Yemex
0407020A0BVAAAU,Yemex 12micrograms/hour transdermal patches
0407020A0BVABAE,Yemex 25micrograms/hour transdermal patches
0407020A0BVACAF,Yemex 50micrograms/hour transdermal patches
0407020A0BVADAG,Yemex 75micrograms/hour transdermal patches
0407020A0BVAEAH,Yemex 100micrograms/hour transdermal patches
0407020A0BW,Cynril
0407020A0BWAAAI,Cynril 200microgram loz with integral oromucosal applicator
0407020A0BWABAJ,Cynril 400microgram loz with integral oromucosal applicator
0407020A0BWACAK,Cynril 600microgram loz with integral oromucosal applicator
0407020A0BWADAL,Cynril 800microgram loz with integral oromucosal applicator
0407020A0BWAEAN,Cynril 1.2mg lozenges with integral oromucosal applicator
0407020A0BWAFAP,Cynril 1.6mg lozenges with integral oromucosal applicator
0407020M0,Methadone hydrochloride
0407020M0AA,Methadone hydrochloride (Opioid Analgesic)
0407020M0AAA2A2,Methadone 100mg impregnated cigarettes
0407020M0AAA3A3,Methadone 20mg/2ml solution for injection ampoules
0407020M0AAA6A6,Methadone 50mg/2ml solution for injection ampoules
0407020M0AAA8A8,Methadone 20mg/1ml solution for injection ampoules
0407020M0AAA9A9,Methadone 30mg suppositories
0407020M0AAACAC,Methadone 50mg/1ml solution for injection ampoules
0407020M0AAADAD,Methadone 100mg suppositories
0407020M0AAAEAE,Methadone 5mg tablets
0407020M0AAAFAF,Methadone hydrochloride powder
0407020M0AAAGAG,Methadone 40mg impregnated cigarettes
0407020M0AAAJAJ,Methadone 30mg impregnated cigarettes
0407020M0AAAKAK,Methadone 10mg capsules
0407020M0AAANAN,Methadone 50mg/5ml solution for injection ampoules
0407020M0AAATAT,Methadone 35mg/3.5ml solution for injection ampoules
0407020M0AAAVAV,Methadone 10mg/1ml solution for injection ampoules
0407020M0AAAWAW,Methadone 35mg/1ml solution for injection ampoules
0407020M0AAAXAX,Methadone 60mg impregnated cigarettes
0407020M0AABHBH,Methadone 35mg/2ml solution for injection ampoules
0407020M0AABIBI,Methadone 30mg capsules
0407020M0AABJBJ,Methadone 30mg tablets
0407020M0AABKBK,Methadone 40mg/1ml solution for injection ampoules
0407020M0AABLBL,Methadone 50mg capsules
0407020M0AABMBM,Methadone 100mg capsules
0407020M0AABSBS,Methadone 15mg suppositories
0407020M0AABTBT,Methadone 40mg capsules
0407020M0AABUBU,Methadone 5mg capsules
0407020M0AABVBV,Methadone 50mg tablets
0407020M0BB,Physeptone (Opioid Analgesic)
0407020M0BBAAAE,Physeptone 5mg tablets
0407020M0BBABAV,Physeptone 10mg/1ml solution for injection ampoules
0407020M0BBACA3,Physeptone 20mg/2ml solution for injection ampoules
0407020M0BBADAT,Physeptone 35mg/3.5ml solution for injection ampoules
0407020M0BBAEAN,Physeptone 50mg/5ml solution for injection ampoules
0407020M0BBAHA6,Physeptone 50mg/2ml solution for injection ampoules
0407020M0BBAIAC,Physeptone 50mg/1ml solution for injection ampoules
0407020M0BC,Synastone
0407020M0BCAAAV,Synastone 10mg/1ml solution for injection ampoules
0407020M0BCABAC,Synastone 50mg/1ml solution for injection ampoules
0407020M0BCACA6,Synastone 50mg/2ml solution for injection ampoules
0407020M0BCADAN,Synastone 50mg/5ml solution for injection ampoules
0407041AA,Eletriptan
0407041AAAA,Eletriptan
0407041AAAAAAAA,Eletriptan 20mg tablets
0407041AAAAABAB,Eletriptan 40mg tablets
0407041AABB,Relpax
0407041AABBAAAA,Relpax 20mg tablets
0407041AABBABAB,Relpax 40mg tablets
040801020,Valproic acid
040801020AA,Valproic acid (Epilepsy)
040801020AAAAAA,Valproic acid 150mg gastro-resistant capsules
040801020AAABAB,Valproic acid 300mg gastro-resistant capsules
040801020AAACAC,Valproic acid 500mg gastro-resistant capsules
040801020AAAFAF,Valproic acid 250mg/5ml oral liquid
040801020AAAGAG,Valproic acid 500mg/5ml oral liquid
040801020AAAHAH,Valproic acid 125mg gastro-resistant capsules
040801020BB,Convulex
040801020BBAAAA,Convulex 150mg gastro-resistant capsules
040801020BBABAB,Convulex 300mg gastro-resistant capsules
040801020BBACAC,Convulex 500mg gastro-resistant capsules
040801020BC,Depakote (Epilepsy)
040801020BCACAH,Depakote 125mg sprinkle gastro-resistant capsules
0408010H0,Lamotrigine
0408010H0AA,Lamotrigine
0408010H0AAA1A1,Lamotrigine 200mg tablets
0408010H0AAA3A3,Lamotrigine 50mg/5ml oral suspension
0408010H0AAA4A4,Lamotrigine 37.5mg/5ml oral liquid
0408010H0AAA5A5,Lamotrigine 5.5mg/5ml oral liquid
0408010H0AAAAAA,Lamotrigine 100mg tablets
0408010H0AAABAB,Lamotrigine 50mg tablets
0408010H0AAACAC,Lamotrigine 25mg tablets
0408010H0AAAPAP,Lamotrigine 5mg dispersible tablets sugar free
0408010H0AAAQAQ,Lamotrigine 25mg dispersible tablets sugar free
0408010H0AAAWAW,Lamotrigine 100mg dispersible tablets sugar free
0408010H0AAAZAZ,Lamotrigine 15mg/5ml oral liquid
0408010H0AABEBE,Lamotrigine 5mg/5ml oral liquid
0408010H0AABGBG,Lamotrigine 200mg/5ml oral liquid
0408010H0AABJBJ,Lamotrigine 2mg dispersible tablets sugar free
0408010H0AABMBM,Lamotrigine 1.5mg/5ml oral liquid
0408010H0AABNBN,Lamotrigine 20mg/5ml oral suspension
0408010H0AABPBP,Lamotrigine 50mg dispersible tablets sugar free
0408010H0AABQBQ,Lamotrigine 200mg dispersible tablets sugar free
0408010H0AABRBR,Lamotrigine 25mg/5ml oral liquid
0408010H0AABSBS,Lamotrigine 1.7mg/5ml oral liquid
0408010H0AABTBT,Lamotrigine 60mg/5ml oral liquid
0408010H0AABUBU,Lamotrigine 10mg/5ml oral suspension
0408010H0AABVBV,Lamotrigine 70mg/5ml oral suspension
0408010H0BB,Lamictal
0408010H0BBAAAB,Lamictal 50mg tablets
0408010H0BBABAA,Lamictal 100mg tablets
0408010H0BBACAC,Lamictal 25mg tablets
0408010H0BBADAP,Lamictal 5mg dispersible tablets
0408010H0BBAEAQ,Lamictal 25mg dispersible tablets
0408010H0BBAFAW,Lamictal 100mg dispersible tablets
0408010H0BBAGA1,Lamictal 200mg tablets
0408010H0BBAKBJ,Lamictal 2mg dispersible tablets
0410030C0,Methadone hydrochloride
0410030C0AA,Methadone hydrochloride (Drug Dependence)
0410030C0AAAAAA,Methadone 1mg/ml oral solution
0410030C0AAAFAF,Methadone 1mg/ml oral solution sugar free
0410030C0AAAJAJ,Methadone 1mg/ml oral suspension sugar free
0410030C0AAAMAM,Methadone 50mg/5ml oral liquid
0410030C0AAAPAP,Methadone 20mg/5ml oral liquid
0410030C0AAAQAQ,Methadone 10mg/5ml oral liquid
0410030C0AAARAR,Methadone 25mg/5ml oral liquid
0410030C0AAASAS,Methadone 2.33mg/5ml oral liquid
0410030C0AAATAT,Methadone 1.67mg/5ml oral liquid
0410030C0AAAUAU,Methadone 1mg/5ml oral liquid
0410030C0AAAVAV,Methadone 4.5mg/5ml oral liquid
0410030C0AAAWAW,Methadone 4.33mg/5ml oral liquid
0410030C0AAAXAX,Methadone 3.67mg/5ml oral liquid
0410030C0AAAYAY,Methadone 3mg/5ml oral liquid
0410030C0AAAZAZ,Methadone 4mg/5ml oral liquid
0410030C0AABABA,Methadone 10mg/ml oral solution sugar free
0410030C0AABBBB,Methadone 20mg/ml oral solution sugar free
0410030C0AABCBC,Methadone 3.5mg/5ml oral liquid
0410030C0AABEBE,Methadone 100mg/5ml oral liquid
0410030C0AABFBF,Methadone 12.5mg/5ml oral liquid
0410030C0AABGBG,Methadone 15mg/5ml oral liquid
0410030C0AABHBH,Methadone 40mg/5ml oral liquid
0410030C0AABKBK,Methadone 4.71mg/5ml oral liquid
0410030C0AABLBL,Methadone 4.43mg/5ml oral liquid
0410030C0AABMBM,Methadone 5mg/ml oral solution
0410030C0BB,Methadose
0410030C0BBAABA,Methadose 10mg/ml oral solution concentrate
0410030C0BBABBB,Methadose 20mg/ml oral solution concentrate
0410030C0BE,Metharose
0410030C0BEAAAF,Metharose 1mg/ml oral solution sugar free
0410030C0BF,Physeptone (Drug Dependence)
0410030C0BFAAAA,Physeptone 1mg/ml mixture
0410030C0BFABAF,Physeptone 1mg/ml oral solution sugar free
0410030C0BH,Eptadone
0410030C0BHAABM,Eptadone 5mg/ml oral solution
0410030C0BHABAA,Eptadone 1mg/ml oral solution
0501090Q0,Rifabutin
0501090Q0AA,Rifabutin
0501090Q0AAABAB,Rifabutin 150mg capsules
0501090Q0AAAGAG,Rifabutin 60mg/5ml oral liquid
0501090Q0AAAJAJ,Rifabutin 50mg/5ml oral liquid
0501090Q0AAALAL,Rifabutin 75mg/5ml oral liquid
0501090Q0AAAUAU,Rifabutin 150mg/5ml oral liquid
0501090Q0AAAVAV,Rifabutin 90mg/5ml oral liquid
0501090Q0AAAZAZ,Rifabutin 100mg/5ml oral liquid
0501090Q0BB,Mycobutin
0501090Q0BBAAAB,Mycobutin 150mg capsules
0501090V0,Bedaquiline
0501090V0AA,Bedaquiline
0501090V0AAAAAA,Bedaquiline 100mg tablets
0501090V0BB,Sirturo
0501090V0BBAAAA,Sirturo 100mg tablets
0501090W0,Delamanid
0501090W0AA,Delamanid
0501090W0AAAAAA,Delamanid 50mg tablets
0501090W0BB,Deltyba
0501090W0BBAAAA,Deltyba 50mg tablets
0502010D0,Voriconazole
0502010D0AA,Voriconazole
0502010D0AAAAAA,Voriconazole 200mg tablets
0502010D0AAABAB,Voriconazole 50mg tablets
0502010D0AAACAC,Voriconazole 200mg powder for solution for infusion vials
0502010D0AAADAD,Voriconazole 200mg/5ml oral suspension
0502010D0AAAEAE,Voriconazole 1% eye drops preservative free
0502010D0AAAFAF,Voriconazole 200mg inj vials
0502010D0AAAGAG,Voriconazole 1% eye drops
0502010D0AAAHAH,Voriconazole 100mg tablets
0502010D0BB,VFEND
0502010D0BBAAAA,VFEND 200mg tablets
0502010D0BBABAB,VFEND 50mg tablets
0502010D0BBACAC,VFEND 200mg powder for solution for infusion vials
0502010D0BBADAD,VFEND 40mg/ml oral suspension
0502010D0BBAEAF,VFEND 200mg inj vials
0502020A0,Ketoconazole
0502020A0AA,Ketoconazole (Systemic)
0502020A0AAACAC,Ketoconazole 200mg tablets
0502020A0AAADAD,Ketoconazole 100mg/5ml oral suspension
0502020A0AAAEAE,Ketoconazole 60mg/5ml oral suspension
0502020A0AAAFAF,Ketoconazole 75mg/5ml oral suspension
0502020A0BB,Nizoral (Systemic)
0502020A0BBAAAC,Nizoral 200mg tablets
0503010AR,Letermovir
0503010ARAA,Letermovir
0503010ARAAAAAA,Letermovir 240mg tablets
0503010ARBB,Prevymis
0503010ARBBAAAA,Prevymis 240mg tablets
0503032G0AAAAAA,Generic Viekirax 12.5mg/75mg/50mg tablets
0503032G0BB,Viekirax
0503032G0BBAAAA,Viekirax 12.5mg/75mg/50mg tablets
0503032H0BB,Exviera
0503032H0BBAAAA,Exviera 250mg tablets
0504010T0,Quinine bisulfate
0504010T0AA,Quinine bisulfate
0504010T0AAAEAE,Quinine bisulfate 300mg tablets
0504010T0AAAFAF,Quinine bisulfate 300mg/5ml oral suspension
0504010T0AAAGAG,Quinine bisulfate 150mg/5ml oral solution
0504010T0AAAHAH,Quinine bisulfate 100mg/5ml oral solution
0504010T0AAAIAI,Quinine bisulfate 200mg/5ml oral solution
0504010V0,Quinine dihydrochloride
0504010V0AA,Quinine dihydrochloide
0504010V0AAAFAF,Quinine dihydrochloride 600mg/2ml inf ampoules
0504010V0AAAGAG,Quinine dihydrochloride 300mg/1ml inf ampoules
0504010V0AAAHAH,Quinine dihydrochloride 300mg/5ml oral solution
0504010V0AAAIAI,Quinine dihydrochloride 200mg/5ml oral solution
0504010V0AAAJAJ,Quinine dihydrochloride 100mg/5ml oral solution
0504010V0AAAKAK,Quinine dihydrochloride 150mg/5ml oral solution
0504010V0AAAMAM,Quinine dihydrochloride 87.5mg/5ml oral solution
0504010V0AAANAN,Quinine dihydrochloride 125mg/5ml oral solution
0504010V0AAAQAQ,Quinine dihydrochloride 30mg/5ml oral solution
0504010X0,Quinine hydrochloride
0504010X0AA,Quinine hydrochloride
0504010X0AAADAD,Quinine hydrochloride 200mg/5ml oral liquid
0504010X0AAAEAE,Quinine hydrochloride 300mg/5ml oral liquid
0504010X0AAAFAF,Quinine hydrochloride 150mg/5ml oral liquid
0504010X0AAAGAG,Quinine hydrochloride 125mg/5ml oral liquid
0504010Y0,Quinine sulfate
0504010Y0AA,Quinine sulfate
0504010Y0AAA2A2,Quinine sulfate 100mg/5ml oral liquid
0504010Y0AAA3A3,Quinine sulfate 75mg/5ml oral liquid
0504010Y0AAA4A4,Quinine sulfate 50mg/5ml oral liquid
0504010Y0AAA5A5,Quinine sulfate 150mg/5ml oral suspension
0504010Y0AAA6A6,Quinine sulfate 10mg/5ml oral liquid
0504010Y0AAA7A7,Quinine sulfate 250mg/5ml oral liquid
0504010Y0AAAFAF,Quinine sulfate 200mg tablets
0504010Y0AAAHAH,Quinine sulfate 300mg tablets
0504010Y0AABABA,Quinine sulfate 125mg/5ml oral liquid
0504010Y0AABBBB,Quinine sulfate 25mg/5ml oral liquid
0504010Y0AABCBC,Quinine sulfate 300mg/5ml oral suspension
0504010Y0AABDBD,Quinine sulfate 200mg/5ml oral suspension
0602010V0,Levothyroxine sodium
0602010V0AA,Levothyroxine sodium
0602010V0AAAEAE,Levothyroxine sodium 75microgram capsules
0602010V0AAAFAF,Levothyroxine sodium 50microgram capsules
0602010V0AAAGAG,Levothyroxine sodium 25microgram capsules
0602010V0AAAIAI,Levothyroxine sodium 25microgram oral powder sachets
0602010V0AAAZAZ,Levothyroxine sodium 60microgram oral powder sachets
0602010V0AABHBH,Levothyroxine sodium 200microgram capsules
0602010V0AABMBM,Levothyroxine sodium 12.5microgram capsules
0602010V0AABPBP,Levothyroxine sodium 50microgram oral powder sachets
0602010V0AABTBT,Levothyroxine sodium 30microgram oral powder sachets
0602010V0AABVBV,Levothyroxine sodium 40microgram oral powder sachets
0602010V0AABWBW,Levothyroxine sodium 25microgram tablets
0602010V0AABXBX,Levothyroxine sodium 50microgram tablets
0602010V0AABYBY,Levothyroxine sodium 75microgram tablets
0602010V0AABZBZ,Levothyroxine sodium 100microgram tablets
0602010V0AACCCC,Levothyroxine sodium 75microgram oral powder sachets
0602010V0AACICI,Levothyroxine sodium 10microgram capsules
0602010V0AACJCJ,Levothyroxine sodium 150microgram capsules
0602010V0AACMCM,Levothyroxine sodium 100microgram capsules
0602010V0AACQCQ,Levothyroxine sodium 100microgram oral powder sachets
0602010V0AACVCV,Levothyroxine sodium 75micrograms/5ml oral liquid
0602010V0AACWCW,Levothyroxine sodium 50micrograms/5ml oral liquid
0602010V0AACXCX,Levothyroxine sodium 100micrograms/5ml oral liquid
0602010V0AACYCY,Levothyroxine sodium 125micrograms/5ml oral liquid
0602010V0AACZCZ,Levothyroxine sodium 25micrograms/5ml oral liquid
0602010V0AADADA,Levothyroxine sodium 150micrograms/5ml oral liquid
0602010V0AADBDB,Levothyroxine sodium 37.5micrograms/5ml oral liquid
0602010V0AADCDC,Levothyroxine sodium 250micrograms/5ml oral liquid
0602010V0AADDDD,Levothyroxine sodium 30micrograms/5ml oral liquid
0602010V0AADEDE,Levothyroxine sodium 15microgram capsules
0602010V0AADFDF,Levothyroxine sodium 300micrograms/5ml oral liquid
0602010V0AADGDG,Levothyroxine sodium 375micrograms/5ml oral liquid
0602010V0AADHDH,Levothyroxine sodium 45micrograms/5ml oral liquid
0602010V0AADIDI,Levothyroxine sodium 40micrograms/5ml oral liquid
0602010V0AADJDJ,Levothyroxine sodium 60micrograms/5ml oral liquid
0602010V0AADKDK,Levothyroxine sodium 200micrograms/5ml oral liquid
0602010V0AADLDL,Levothyroxine sodium 48micrograms/5ml oral liquid
0602010V0AADMDM,Levothyroxine sodium 500micrograms/5ml oral liquid
0602010V0AADNDN,Levothyroxine sodium 150microgram oral powder sachets
0602010V0AADPDP,Levothyroxine sodium 12.5micrograms/5ml oral liquid
0602010V0AADRDR,Levothyroxine sodium 70micrograms/5ml oral liquid
0602010V0AADTDT,Levothyroxine sodium 10micrograms/5ml oral liquid
0602010V0AADUDU,Levothyroxine sodium 56micrograms/5ml oral liquid
0602010V0AADVDV,Levothyroxine sodium 175micrograms/5ml oral liquid
0602010V0AADWDW,Levothyroxine sodium 225micrograms/5ml oral liquid
0602010V0AADXDX,Levothyroxine sodium 625micrograms/5ml oral liquid
0602010V0AADYDY,Levothyroxine sodium 62.5micrograms/5ml oral liquid
0602010V0AADZDZ,Levothyroxine sodium 200microgram oral powder sachets
0602010V0AAEAEA,Levothyroxine sodium 250microgram oral powder sachets
0602010V0AAEBEB,Levothyroxine sodium 500microgram inj vials
0602010V0AAECEC,Levothyroxine sodium 1mg/5ml oral liquid
0602010V0AAEEEE,Levothyroxine sodium 187.5micrograms/5ml oral liquid
0602010V0AAEHEH,Levothyroxine sodium 15micrograms/5ml oral liquid
0602010V0AAEIEI,Levothyroxine sodium 90micrograms/5ml oral liquid
0602010V0AAEJEJ,Levothyroxine sodium 425micrograms/5ml oral liquid
0602010V0AAEKEK,Levothyroxine sodium 700micrograms/5ml oral liquid
0602010V0AAELEL,Levothyroxine sodium 750micrograms/5ml oral liquid
0602010V0AAEMEM,Levothyroxine sodium 7.5micrograms/5ml oral liquid
0602010V0AAENEN,Levothyroxine sodium 125microgram oral powder sachets
0602010V0AAEPEP,Levothyroxine sodium 20micrograms/5ml oral liquid
0602010V0AAERER,Levothyroxine sodium 120micrograms/5ml oral liquid
0602010V0AAESES,Levothyroxine sodium 24micrograms/5ml oral liquid
0602010V0AAETET,Levothyroxine sodium 325micrograms/5ml oral liquid
0602010V0AAEVEV,Levothyroxine sodium 80micrograms/5ml oral liquid
0602010V0AAEXEX,Levothyroxine sodium 275micrograms/5ml oral liquid
0602010V0AAEZEZ,Levothyroxine sodium 450micrograms/5ml oral liquid
0602010V0AAFAFA,Levothyroxine sodium 285micrograms/5ml oral liquid
0602010V0AAFBFB,Levothyroxine sodium 2.5mg/5ml oral liquid
0602010V0AAFCFC,Levothyroxine sodium 35micrograms/5ml oral liquid
0602010V0AAFDFD,Levothyroxine sodium 5micrograms/5ml oral liquid
0602010V0AAFEFE,Levothyroxine sodium 350micrograms/5ml oral liquid
0602010V0AAFGFG,Levothyroxine sodium 27micrograms/5ml oral liquid
0602010V0AAFJFJ,Levothyroxine sodium 400micrograms/5ml oral liquid
0602010V0AAFKFK,Levothyroxine sodium 32micrograms/5ml oral liquid
0602010V0AAFPFP,Levothyroxine sodium 55micrograms/5ml oral liquid
0602010V0AAFQFQ,Levothyroxine sodium 37micrograms/5ml oral liquid
0602010V0AAFRFR,Levothyroxine sodium 175microgram capsules
0602010V0AAFUFU,Levothyroxine sodium 225microgram capsules
0602010V0AAFVFV,Levothyroxine sodium 6.25micrograms/5ml oral liquid
0602010V0AAFWFW,Levothyroxine sodium 200micrograms inj vials
0602010V0AAFXFX,Levothyroxine sodium 87.5micrograms/5ml oral liquid
0602010V0AAFYFY,Levothyroxine sodium 312.5micrograms/5ml oral liquid
0602010V0AAFZFZ,Levothyroxine sodium 25micrograms/5ml soln sugar free
0602010V0AAGAGA,Levothyroxine sodium 50micrograms/5ml soln sugar free
0602010V0AAGBGB,Levothyroxine sodium 100micrograms/5ml soln sugar free
0602010V0AAGGGG,Levothyroxine sodium 110microgram oral powder sachets
0602010V0AAGHGH,Levothyroxine sodium 12.5microgram tablets
0602010V0AAGIGI,Levothyroxine sodium 125micrograms/5ml soln sugar free
0602010V0AAGJGJ,Levothyroxine sodium 375microgram capsules
0602010V0AAGKGK,Levothyroxine sodium 75micrograms/5ml soln sugar free
0602010V0BD,Eltroxin
0602010V0BDAABX,Eltroxin 50microgram tablets
0602010V0BDABBZ,Eltroxin 100microgram tablets
0602010V0BDACBW,Eltroxin 25microgram tablets
0602010V0BDADFZ,Eltroxin 25micrograms/5ml oral solution
0602010V0BDAEGA,Eltroxin 50micrograms/5ml oral solution
0602010V0BDAFGB,Eltroxin 100micrograms/5ml oral solution
0602010V0BH,Evotrox
0602010V0BHAAFZ,Evotrox 25micrograms/5ml oral solution
0602010V0BHABGA,Evotrox 50micrograms/5ml oral solution
0602010V0BHACGB,Evotrox 100micrograms/5ml oral solution
0602010V0BI,Levothroid
0602010V0BIAAEB,Levothroid 500microgram inj vials
0602010V0BJ,Tirosint
0602010V0BJAAAG,Tirosint 25microgram capsules
0602010V0BJABAF,Tirosint 50microgram capsules
0602010V0BJACCM,Tirosint 100microgram capsules
0602010Z0,Levothyroxine sodium and liothyronine
0602010Z0AA,Levothyroxine sodium/liothyronine
0602010Z0AAAAAA,Levothyroxine sodium 19microg / Liothyronine 4.5microg tab
0602010Z0AAABAB,Levothyroxine sodium 38microg / Liothyronine 9microg tab
0602010Z0AAACAC,Levothyroxine sodium 57microg / Liothyronine 13.5microg tab
0602010Z0AAADAD,Levothyroxine sodium 76microg / Liothyronine 18microg tab
0602010Z0AAAEAE,Levothyroxine sodium 9.5microg / Liothyronine 2.25microg tab
0602010Z0AAAFAF,Levothyroxine sodium 152microg / Liothyronine 36microg tab
0602010Z0AAAGAG,Levothyroxine sodium 190microg / Liothyronine 45microg tab
0602010Z0AAAHAH,Levothyroxine sodium 114microg / Liothyronine 27microg tab
0602010Z0AAAIAI,Levothyroxine 73microgram / Liothyronine 17microgram tablets
0602010Z0AAAJAJ,Levothyroxine 35microgram / Liothyronine 8microgram tablets
0602010Z0AAAKAK,Levothyroxine 18microgram / Liothyronine 4microgram tablets
0602010Z0BB,Armour
0602010Z0BBAAAE,Armour Thyroid 15mg (quarter grain) tablets
0602010Z0BBABAA,Armour Thyroid 30mg (half grain) tablets
0602010Z0BBACAB,Armour Thyroid 60mg (1 grain) tablets
0602010Z0BBADAD,Armour Thyroid 120mg (2 grains) tablets
0602010Z0BBAGAC,Armour Thyroid 90mg (1 and a half grains) tablets
0602010Z0BBAHAH,Armour Thyroid 180mg (3 grains) tablets
0602010Z0BC,WP Thyroid
0602010Z0BCAAAB,WP Thyroid 65mg (1 grain) tablets
0602010Z0BD,Nature-Throid
0602010Z0BDAAAB,Nature-Throid 65mg (1 grain) tablets
0602010Z0BDABAA,Nature-Throid 32.5mg (half grain) tablets
0602010Z0BDACAD,Nature-Throid 130mg (2 grains) tablets
0602010Z0BDADAE,Nature-Throid 16.25mg (quarter grain) tablets
0602010Z0BE,Erfa Thyroid
0602010Z0BEAAAI,Erfa Thyroid 125mg (2 grains) tablets
0602010Z0BEABAJ,Erfa Thyroid 60mg (1 grain) tablets
0602010Z0BEACAK,Erfa Thyroid 30mg (half grain) tablets
0602010Z0BF,NP Thyroid
0602010Z0BFAAAA,NP Thyroid 30mg (half grain) tablets
0602010Z0BFABAB,NP Thyroid 60mg (1 grain) tablets
0603020AC,Methylprednisolone aceponate
0603020ACAA,Methylprednisolone aceponate
0603020ACAAAAAA,Methylprednisolone aceponate 0.1% ointment
0603020ACBB,Advantan
0603020ACBBAAAA,Advantan 0.1% ointment
0603020K0,Methylprednisolone sodium succinate
0603020K0AA,Methylprednisolone sodium succinate
0603020K0AAAAAA,Methylprednisolone sodium succinate 40mg inj vials
0603020K0AAABAB,Methylprednisolone sodium succinate 125mg inj vials
0603020K0AAACAC,Methylprednisolone sodium succinate 500mg inj vials
0603020K0AAADAD,Methylprednisolone sodium succinate 1g inj vials
0603020K0AAAEAE,Methylprednisolone sodium succinate 2g inj vials
0603020K0BC,Solu-Medrone
0603020K0BCAAAA,Solu-Medrone 40mg inj vials
0603020K0BCABAB,Solu-Medrone 125mg inj vials
0603020K0BCACAC,Solu-Medrone 500mg inj vials
0603020K0BCADAD,Solu-Medrone 1g inj vials
0603020K0BCAEAE,Solu-Medrone 2g inj vials
0603020S0,Methylprednisolone
0603020S0AA,Methylprednisolone
0603020S0AAAAAA,Methylprednisolone 2mg tablets
0603020S0AAABAB,Methylprednisolone 4mg tablets
0603020S0AAACAC,Methylprednisolone 16mg tablets
0603020S0AAADAD,Methylprednisolone 100mg tablets
0603020S0AAAEAE,Methylprednisolone 1mg/5ml oral suspension
0603020S0BB,Medrone (Systemic)
0603020S0BBAAAA,Medrone 2mg tablets
0603020S0BBABAB,Medrone 4mg tablets
0603020S0BBACAC,Medrone 16mg tablets
0603020S0BBADAD,Medrone 100mg tablets
0703,Contraceptives
070301,Combined hormonal contraceptives and systems
0703010,Combined hormonal contraceptives
0703010E0,Combined ethinylestradiol 20mcg
0703010E0AA,Combined ethinylestradiol 20mcg
0703010E0AAAAAA,Ethinylestradiol 20microg / Norethisterone acetate 1mg tab
0703010E0AAABAB,Ethinylestradiol 20microgram / Desogestrel 150microgram tab
0703010E0AAACAC,Ethinylestradiol 20microgram / Gestodene 75microgram tablets
0703010E0AAAEAE,Ethinylest 33.9microg/Norelgestromin 203microg/24hours ptch
0703010E0AAAFAF,Ethinylestradiol 20microgram / Drospirenone 3mg tablets
0703010E0BB,Loestrin 20
0703010E0BBAAAA,Loestrin 20 tablets
0703010E0BC,Mercilon
0703010E0BCAAAB,Mercilon 150microgram/20microgram tablets
0703010E0BD,Femodette
0703010E0BDAAAC,Femodette tablets
0703010E0BG,Evra
0703010E0BGAAAE,Evra transdermal patches
0703010E0BH,Sunya
0703010E0BHAAAC,Sunya 20/75 tablets
0703010E0BI,Gedarel (20/150mcg)
0703010E0BIAAAB,Gedarel 20microgram/150microgram tablets
0703010E0BJ,Millinette (20/75mcg)
0703010E0BJAAAC,Millinette 20microgram/75microgram tablets
0703010E0BK,Yaz
0703010E0BKAAAF,Yaz tablets
0703010E0BL,Lestramyl (20mcg/150mcg)
0703010E0BLAAAB,Lestramyl 20microgram/150microgram tablets
0703010E0BM,Aidulan (20mcg/75mcg)
0703010E0BMAAAC,Aidulan 20microgram/75microgram tablets
0703010E0BN,Munalea (150mcg/20mcg)
0703010E0BNAAAB,Munalea 150microgram/20microgram tablets
0703010E0BP,Alenini
0703010E0BPAAAB,Alenini 150microgram/20microgram tablets
0703010E0BQ,Bimizza
0703010E0BQAAAB,Bimizza 150microgram/20microgram tablets
0703010E0BR,Eloine
0703010E0BRAAAF,Eloine 0.02mg/3mg tablets
0703010E0BS,Daylette
0703010E0BSAAAF,Daylette 0.02mg/3mg tablets
0703010E0BT,Juliperla
0703010E0BTAAAC,Juliperla 75microgram/20microgram tablets
0703010E0BU,Akizza (75mcg/20mcg)
0703010E0BUAAAC,Akizza 75microgram/20microgram tablets
0703010F0,Combined ethinylestradiol 30mcg
0703010F0AA,Combined ethinylestradiol 30mcg
0703010F0AAAAAA,Ethinylestradiol 30microgram / Desogestrel 150microgram tab
0703010F0AAABAB,Levonorgestrel 250microg / Ethinylestradiol 30microg tab
0703010F0AAACAC,Ethinylestradiol 30microg / Levonorgestrel 150microg tab
0703010F0AAAEAE,Ethinylestradiol 30microgram / Gestodene 75microgram tablets
0703010F0AAAFAF,Ethinylestradiol 30microg / Norethisterone acetate 1.5mg tab
0703010F0AAAGAG,Generic Femodene ED tablets
0703010F0AAAHAH,Generic Microgynon 30 ED tablets
0703010F0AAAJAJ,Ethinylestradiol 30microgram / Drospirenone 3mg tablets
0703010F0BB,Marvelon
0703010F0BBAAAA,Marvelon tablets
0703010F0BD,Eugynon 30
0703010F0BDAAAB,Eugynon 30 tablets
0703010F0BE,Microgynon 30
0703010F0BEAAAC,Microgynon 30 tablets
0703010F0BEABAH,Microgynon 30 ED tablets
0703010F0BF,Ovranette
0703010F0BFAAAC,Ovranette 150microgram/30microgram tablets
0703010F0BH,Minulet
0703010F0BHAAAE,Minulet tablets
0703010F0BI,Loestrin 30
0703010F0BIAAAF,Loestrin 30 tablets
0703010F0BJ,Femodene
0703010F0BJAAAE,Femodene tablets
0703010F0BJABAG,Femodene ED tablets
0703010F0BL,Yasmin
0703010F0BLAAAJ,Yasmin tablets
0703010F0BM,Katya
0703010F0BMAAAE,Katya 30/75 tablets
0703010F0BN,Levest
0703010F0BNAAAC,Levest 150/30 tablets (Morningside)
0703010F0BNABAC,Levest 150/30 tablets (Actavis)
0703010F0BP,Rigevidon
0703010F0BPAAAC,Rigevidon tablets
0703010F0BQ,Gedarel (30/150mcg)
0703010F0BQAAAA,Gedarel 30microgram/150microgram tablets
0703010F0BR,Millinette (30/75mcg)
0703010F0BRAAAE,Millinette 30microgram/75microgram tablets
0703010F0BS,Elevin
0703010F0BSAAAC,Elevin 150microgram/30microgram tablets
0703010F0BT,Cimizt
0703010F0BTAAAA,Cimizt 30microgram/150microgram tablets
0703010F0BU,Lestramyl (30mcg/150mcg)
0703010F0BUAAAA,Lestramyl 30microgram/150microgram tablets
0703010F0BV,Lucette
0703010F0BVAAAJ,Lucette 0.03mg/3mg tablets
0703010F0BW,Acondro
0703010F0BWAAAJ,Acondro 0.03mg/3mg tablets
0703010F0BX,Aidulan (30mcg/75mcg)
0703010F0BXAAAE,Aidulan 30microgram/75microgram tablets
0703010F0BY,Maexeni
0703010F0BYAAAC,Maexeni 150microgram/30microgram tablets
0703010F0BZ,Munalea (150mcg/30mcg)
0703010F0BZAAAA,Munalea 150microgram/30microgram tablets
0703010F0CB,Alenvona
0703010F0CBAAAA,Alenvona 150microgram/30microgram tablets
0703010F0CC,Cleosensa
0703010F0CCAAAJ,Cleosensa 0.03mg/3mg tablets
0703010F0CD,Erlibelle
0703010F0CDAAAC,Erlibelle 30microgram/150microgram tablets
0703010F0CE,Dretine
0703010F0CEAAAJ,Dretine 0.03mg/3mg tablets
0703010F0CF,Yacella
0703010F0CFAAAJ,Yacella 0.03mg/3mg tablets
0703010F0CG,Sofiperla
0703010F0CGAAAE,Sofiperla 75microgram/30microgram tablets
0703010F0CH,Yiznell
0703010F0CHAAAJ,Yiznell 0.03mg/3mg tablets
0703010F0CI,Leandra
0703010F0CIAAAC,Leandra 30microgram/150microgram tablets
0703010F0CJ,Ellanite
0703010F0CJAAAJ,Ellanite 0.03mg/3mg tablets
0703010F0CK,Akizza (75mcg/30mcg)
0703010F0CKAAAE,Akizza 75microgram/30microgram tablets
0703010F0CL,Ambelina
0703010F0CLAAAC,Ambelina 150microgram/30microgram tablets
0703010G0,Combined ethinylestradiol 35mcg
0703010G0AA,Combined ethinylestradiol 35mcg
0703010G0AAAAAA,Ethinylestradiol 35microg / Norethisterone 500microg tab
0703010G0AAABAB,Ethinylestradiol 35microgram / Norethisterone 1mg tablets
0703010G0AAACAC,Ethinylestradiol 35microgram / Norgestimate 250microgram tab
0703010G0BB,Ovysmen
0703010G0BBAAAA,Ovysmen 500microgram/35microgram tablets
0703010G0BC,Brevinor
0703010G0BCAAAA,Brevinor 500microgram/35microgram tablets
0703010G0BD,Norimin
0703010G0BDAAAB,Norimin 1mg/35microgram tablets
0703010G0BF,Cilest
0703010G0BFAAAC,Cilest 35microgram/250microgram tablets
0703010G0BG,Lizinna
0703010G0BGAAAC,Lizinna 250microgram/35microgram tablets
0703010G0BH,Cilique
0703010G0BHAAAC,Cilique 250microgram/35microgram tablets
0703010H0,Combined ethinylestradiol 50mcg
0703010H0AA,Combined ethinylestradiol 50mcg
0703010H0AAAEAE,Levonorgestrel 250mcg / Ethinylestradiol 50mcg tablets
0703010H0BG,Eugynon 50
0703010H0BGAAAE,Eugynon 50 tablets
0703010H0BH,Ovran
0703010H0BHAAAE,Ovran tablets
0703010H0BI,PC4
0703010H0BIAAAE,Schering PC4 tablets
0703010M0,Combined mestranol
0703010M0AA,Combined mestranol
0703010M0AAAAAA,Mestranol 50microgram / Norethisterone 1mg tablets
0703010M0BB,Norinyl-1
0703010M0BBAAAA,Norinyl-1 tablets
0703010P0,Phased formulations of ethinylestradiol
0703010P0AA,Phased formulations of ethinylestradiol
0703010P0AAAAAA,Generic Logynon tablets
0703010P0AAABAB,Generic Binovum tablets
0703010P0AAACAC,Generic Trinovum tablets
0703010P0AAADAD,Generic Tri-Minulet tablets
0703010P0AAAEAE,Generic Logynon ED tablets
0703010P0AAAFAF,Generic Synphase tablets
0703010P0BB,Logynon
0703010P0BBAAAA,Logynon tablets
0703010P0BBABAE,Logynon ED tablets
0703010P0BC,Trinordiol
0703010P0BCAAAA,Trinordiol tablets
0703010P0BD,Binovum
0703010P0BDAAAB,Binovum tablets
0703010P0BE,Synphase
0703010P0BEAAAF,Synphase tablets
0703010P0BEABAF,Synphase tablets (Imported (Canada))
0703010P0BEACAF,Synphase tablets (Imported (Germany))
0703010P0BF,Trinovum
0703010P0BFAAAC,Trinovum tablets
0703010P0BG,Tri-Minulet
0703010P0BGAAAD,Tri-Minulet tablets
0703010P0BH,Triadene
0703010P0BHAAAD,Triadene tablets
0703010P0BI,TriRegol
0703010P0BIAAAA,TriRegol tablets
0703010R0,Estradiol valandestradiol valerate with dienogest
0703010R0AA,Estradiol valandestradiol valerate with dienogest
0703010R0AAAAAA,Generic Qlaira tablets
0703010R0BB,Qlaira
0703010R0BBAAAA,Qlaira tablets
0703010S0,Estradiol and nomegestrol
0703010S0AA,Estradiol and nomegestrol
0703010S0AAAAAA,Estradiol 1.5mg / Nomegestrol 2.5mg tablets
0703010S0BB,Zoely
0703010S0BBAAAA,Zoely 2.5mg/1.5mg tablets
0703011,Combined hormonal systems
0703011A0,Etonogestrel/ethinylestradiol
0703011A0AA,Etonogestrel/ethinylestradiol (Vaginal Delivery System)
0703011A0AAAAAA,Ethinylest 2.7mg/Etonogestrel 11.7mg vaginal delivery system
0703011A0BB,NuvaRing
0703011A0BBAAAA,NuvaRing 0.12mg/0.015mg per day vaginal delivery system
0703011A0BC,SyreniRing
0703011A0BCAAAA,SyreniRing 0.12mg/0.015mg per day vaginal delivery system
070302,Progestogen-only contraceptives
0703021,Oral progestogen-only contraceptives
0703021C0,Etynodiol diacetate
0703021C0AA,Etynodiol diacetate
0703021C0AAAAAA,Etynodiol 500microgram tablets
0703021C0BB,Femulen
0703021C0BBAAAA,Femulen 500microgram tablets
0703021L0,Levonorgestrel
0703021L0AA,Levonorgestrel (Oral)
0703021L0AAAAAA,Levonorgestrel 30microgram tablets
0703021L0BB,Microval
0703021L0BBAAAA,Microval 30microgram tablets
0703021L0BC,Norgeston
0703021L0BCAAAA,Norgeston 30microgram tablets
0703021N0,Norethisterone
0703021N0AA,Norethisterone (Contraceptive)
0703021N0AAAAAA,Norethisterone 350microgram tablets
0703021N0BB,Micronor
0703021N0BBAAAA,Micronor 350microgram tablets
0703021N0BC,Noriday
0703021N0BCAAAA,Noriday 350microgram tablets
0703021P0,Norgestrel
0703021P0AA,Norgestrel
0703021P0AAAAAA,Norgestrel 75microgram tablets
0703021P0BB,Neogest
0703021P0BBAAAA,Neogest 75microgram tablets
0703021Q0,Desogestrel
0703021Q0AA,Desogestrel
0703021Q0AAAAAA,Desogestrel 75microgram tablets
0703021Q0BB,Cerazette
0703021Q0BBAAAA,Cerazette 75microgram tablets
0703021Q0BC,Nacrez
0703021Q0BCAAAA,Nacrez 75microgram tablets
0703021Q0BD,Cerelle
0703021Q0BDAAAA,Cerelle 75microgram tablets
0703021Q0BE,Aizea
0703021Q0BEAAAA,Aizea 75microgram tablets
0703021Q0BF,Desorex
0703021Q0BFAAAA,Desorex 75microgram tablets
0703021Q0BG,Desomono
0703021Q0BGAAAA,Desomono 75microgram tablets
0703021Q0BH,Zelleta
0703021Q0BHAAAA,Zelleta 75microgram tablets
0703021Q0BI,Feanolla
0703021Q0BIAAAA,Feanolla 75microgram tablets
0703021Q0BJ,Moonia
0703021Q0BJAAAA,Moonia 75microgram tablets
0703022,Parenteral progestogen-only contracepeptives
0703022M0,Medroxyprogesterone acetate
0703022M0AA,Medroxyprogest acetate (Contraceptive)
0703022M0AAAAAA,Medroxyprogesterone 150mg/1ml suspension for injection vials
0703022M0AAABAB,Medroxyprogesterone 150mg/1ml inj pre-filled syringes
0703022M0AAACAC,Medroxyprogesterone 104mg/0.65ml inj pf disposable devices
0703022M0BB,Depo-Provera (Contraceptive)
0703022M0BBAAAA,Depo-Provera 150mg/1ml suspension for injection vials
0703022M0BBABAB,Depo-Provera 150mg/1ml inj pre-filled syringes
0703022M0BD,Sayana Press (Contraceptive)
0703022M0BDAAAC,Sayana Press 104mg/0.65ml inj pre-filled disposable devices
0703022N0,Norethisterone enantate
0703022N0AA,Norethisterone enantate
0703022N0AAAAAA,Norethisterone 200mg/1ml solution for injection ampoules
0703022N0BB,Noristerat
0703022N0BBAAAA,Noristerat 200mg/1ml solution for injection ampoules
0703022P0,Etonogestrel
0703022P0AA,Etonogestrel
0703022P0AAAAAA,Etonogestrel 68mg implant
0703022P0BB,Implanon
0703022P0BBAAAA,Implanon 68mg implant
0703022P0BC,Nexplanon
0703022P0BCAAAA,Nexplanon 68mg implant
0703023,Intra-uterine progestogen-only device
0703023L0,Levonorgestrel
0703023L0AA,Levonorgestrel (Intra-uterine)
0703023L0AAAAAA,Levonorgestrel 20micrograms/24hours intrauterine device
0703023L0AAABAB,Levonorgestrel 13.5mg intrauterine device
0703023L0AAACAC,Levonorgestrel 19.5mg intrauterine device
0703023L0BB,Mirena
0703023L0BBAAAA,Mirena 20micrograms/24hours intrauterine device
0703023L0BC,Jaydess
0703023L0BCAAAB,Jaydess 13.5mg intrauterine device
0703023L0BD,Levosert
0703023L0BDAAAA,Levosert 20micrograms/24hours intrauterine device
0703023L0BE,Kyleena
0703023L0BEAAAC,Kyleena 19.5mg intrauterine device
0703023L0BF,Benilexa
0703023L0BFAAAA,Benilexa One Handed 20microg/24hours delivery system
070305,Emergency contraception
0703050,Emergency contraception
0703050A0,Levonorgestrel
0703050A0AA,Levonorgestrel (Emergency Contraception)
0703050A0AAAAAA,Levonorgestrel 750microgram tablets
0703050A0AAABAB,Levonorgestrel 1.5mg tablets
0703050A0BC,Levonelle
0703050A0BCAAAA,Levonelle-2 750microgram tablets
0703050A0BCABAA,Levonelle 750microgram tablets
0703050A0BCACAB,Levonelle One Step 1.5mg tablets
0703050A0BCADAB,Levonelle 1500microgram tablets
0703050A0BD,Upostelle
0703050A0BDAAAB,Upostelle 1500microgram tablets
0703050A0BE,Isteranda
0703050A0BEAAAB,Isteranda 1.5mg tablets
0703050A0BF,Emerres
0703050A0BFAAAB,Emerres 1.5mg tablets
0703050A0BFABAB,Emerres Una 1.5mg tablets
0703050A0BG,Ezinelle
0703050A0BGAAAB,Ezinelle 1.5mg tablets
0703050A0BH,Melkine
0703050A0BHAAAB,Melkine 1.5mg tablets
0703050B0,Ulipristal acetate (Emergency Contraceptive)
0703050B0AA,Ulipristal acetate (Emergency Contraceptive)
0703050B0AAAAAA,Ulipristal 30mg tablets
0703050B0BB,EllaOne
0703050B0BBAAAA,EllaOne 30mg tablets
0801040H0,Vinblastine sulfate
0801040H0AA,Vinblastine sulfate
0801040H0AAAAAA,Vinblastine 10mg powder for solution for injection vials
0801040H0AAABAB,Vinblastine 10mg/10ml solution for injection vials
0801040H0BB,Velbe
0801040H0BBAAAA,Velbe 10mg powder for solution for injection vials
0801040M0,Vincristine sulfate
0801040M0AA,Vincristine sulfate
0801040M0AAAEAE,Vincristine 1mg/1ml solution for injection vials
0801040M0AAAFAF,Vincristine 2mg/2ml solution for injection vials
0801040M0AAAGAG,Vincristine 5mg/5ml solution for injection vials
0801040M0BB,Oncovin
0801040M0BBADAE,Oncovin 1mg/1ml solution for injection vials
0801050BS,Ibrutinib
0801050BSAA,Ibrutinib
0801050BSAAAAAA,Ibrutinib 140mg capsules
0801050BSAAABAB,Ibrutinib 140mg tablets
0801050BSAAACAC,Ibrutinib 280mg tablets
0801050BSAAADAD,Ibrutinib 420mg tablets
0801050BSAAAEAE,Ibrutinib 560mg tablets
0801050BSBB,Imbruvica
0801050BSBBAAAA,Imbruvica 140mg capsules
0801050BSBBABAB,Imbruvica 140mg tablets
0801050BSBBACAC,Imbruvica 280mg tablets
0801050BSBBADAD,Imbruvica 420mg tablets
0801050BSBBAEAE,Imbruvica 560mg tablets
0801050CL,Abemaciclib
0801050CLAA,Abemaciclib
0801050CLAAAAAA,Abemaciclib 100mg tablets
0801050CLAAABAB,Abemaciclib 150mg tablets
0801050CLAAACAC,Abemaciclib 50mg tablets
0801050CLBB,Verzenios
0801050CLBBAAAA,Verzenios 100mg tablets
0801050CLBBABAB,Verzenios 150mg tablets
0801050CLBBACAC,Verzenios 50mg tablets
0801050CM,Encorafenib
0801050CMAA,Encorafenib
0801050CMAAAAAA,Encorafenib 75mg capsules
0801050CMAAABAB,Encorafenib 50mg capsules
0801050CMBB,Braftovi
0801050CMBBAAAA,Braftovi 75mg capsules
0801050CMBBABAB,Braftovi 50mg capsules
0803042U0,Enzalutamide
0803042U0AA,Enzalutamide
0803042U0AAAAAA,Enzalutamide 40mg capsules
0803042U0AAABAB,Enzalutamide 40mg tablets
0803042U0BB,Xtandi
0803042U0BBAAAA,Xtandi 40mg capsules
0803042U0BBABAB,Xtandi 40mg tablets
0803042V0,Apalutamide
0803042V0AA,Apalutamide
0803042V0AAAAAA,Apalutamide 60mg tablets
0803042V0BB,Erleada
0803042V0BBAAAA,Erleada 60mg tablets
1001022K0,Methylprednisolone acetate
1001022K0AA,Methylprednisolone acetate
1001022K0AAAAAA,Methylprednisolone acetate 40mg/1ml inj vials
1001022K0AAABAB,Methylprednisolone acetate 80mg/2ml inj vials
1001022K0AAAEAE,Methylprednisolone acetate 120mg/3ml inj vials
1001022K0AAAFAF,Methylprednisolone 80mg / Lidocaine 20mg/2ml (1%) inj vials
1001022K0AAAGAG,Methylprednisolone 40mg / Lidocaine 10mg/1ml (1%) inj vials
1001022K0BB,Depo-Medrone
1001022K0BBAAAA,Depo-Medrone 40mg/1ml suspension for injection vials
1001022K0BBABAB,Depo-Medrone 80mg/2ml suspension for injection vials
1001022K0BBAEAE,Depo-Medrone 120mg/3ml suspension for injection vials
1001022K0BBAFAF,Depo-Medrone with Lidocaine inj 2ml vials
1001022K0BBAGAG,Depo-Medrone with Lidocaine inj 1ml vials
1202010I0,Budesonide
1202010I0AA,Budesonide (Nasal)
1202010I0AAACAC,Budesonide 100micrograms/dose nasal spray
1202010I0AAAFAF,Budesonide 64micrograms/dose nasal spray
1202010I0BB,Rhinocort
1202010I0BBACAC,Rhinocort Aqua 100micrograms/dose nasal spray
1202010I0BBAEAF,Rhinocort Aqua 64 nasal spray
1202010I0BC,Budeflam Aquanase
1202010I0BCAAAC,Budeflam Aquanase 100micrograms/dose nasal spray
1202010I0BD,Aircort
1202010I0BDAAAC,Aircort 100micrograms/dose nasal spray
1202010I0BE,Benacort
1202010I0BEAAAF,Benacort 64micrograms nasal spray
1202010M0,Fluticasone propionate (Nasal)
1202010M0AA,Fluticasone propionate (Nasal)
1202010M0AAABAB,Fluticasone 400microgram/unit dose nasal drops
1202010M0AAACAC,Fluticasone propionate 50micrograms/dose nasal spray
1202010M0AAADAD,Fluticasone propionate 50micrograms/dose nasal spray(60dose)
1202010M0BB,Flixonase
1202010M0BBABAB,Flixonase Nasule 400microgram/unit dose nasal drops
1202010M0BBACAC,Flixonase 50micrograms/dose aqueous nasal spray
1202010M0BC,Nasofan
1202010M0BCAAAC,Nasofan 50micrograms/dose aqueous nasal spray
1202010M0BCABAC,Nasofan Allergy 50micrograms/dose nasal spray
1202010M0BD,Pirinase
1202010M0BDAAAC,Pirinase Hayfever 0.05% nasal spray
1202010M0BDABAC,Pirinase Hayfever Relief for Adults 0.05% nasal spray
1202010M0BE,Boots Pharmacy Hayfever and Allergy
1202010M0BEAAAC,Boots Pharmacy Hayfever and Allergy 50microg/dose nsl spy
1202010Y0,Fluticasone propionate/azelastine hydrochloride (Nasal)
1202010Y0AA,Fluticasone propionate/azelastine hydrochloride
1202010Y0AAAAAA,Fluticasone propionate 50microg/Azelastine 137microg/dose
1202010Y0BB,Dymista
1202010Y0BBAAAA,Dymista 137micrograms/dose / 50micrograms/dose nasal spray
1309000I0,Ketoconazole
1309000I0AA,Ketoconazole (Scalp)
1309000I0AAAAAA,Ketoconazole 2% shampoo
1309000I0AAACAC,Ketoconazole 1% shampoo
1309000I0BB,Nizoral (Scalp)
1309000I0BBAAAA,Nizoral 2% shampoo
1309000I0BBABAA,Nizoral Dandruff 2% shampoo
1309000I0BBAEAA,Nizoral anti-dandruff 2% shampoo
1309000I0BC,Nizorelle
1309000I0BCAAAC,Nizorelle 1% shampoo
1309000I0BE,Dandrazol
1309000I0BEAAAA,Dandrazol 2% shampoo
1309000I0BEABAA,Dandrazol Anti-dandruff 2% shampoo
1309000I0BF,Ketopine
1309000I0BFAAAA,Ketopine 2% shampoo
1309000I0BG,Boots (Ketoconazole)
1309000I0BGAAAA,Boots Anti-Dandruff 2% shampoo
1310020L0,Ketoconazole
1310020L0AA,Ketoconazole (Skin)
1310020L0AAAAAA,Ketoconazole 2% cream
1310020L0BB,Nizoral (Skin)
1310020L0BBAAAA,Nizoral 2% cream
1310020L0BC,Daktarin (Ketoconazole)
1310020L0BCAAAA,Daktarin Gold 2% cream
1310020L0BCABAA,Daktarin Intensiv 2% cream
1501043F0,Fentanyl citrate
1501043F0AA,Fentanyl citrate
1501043F0AAAAAA,Fentanyl 100micrograms/2ml solution for injection ampoules
1501043F0AAABAB,Fentanyl 500micrograms/10ml solution for injection ampoules
1501043F0BB,Sublimaze
1501043F0BBAAAA,Sublimaze 100micrograms/2ml solution for injection ampoules
1501043F0BBABAB,Sublimaze 500micrograms/10ml solution for injection ampoules
1502010Z0,Bupivacaine hydrochloride and fentanyl citrate
1502010Z0AA,Bupivac hydrochloride and fentanyl citrate
1502010Z0AAAAAA,Bupivacaine 100mg (0.1%) / Fentanyl 200microg/100ml inf bags
1502010Z0AAABAB,Bupivacaine 250mg (0.1%) / Fentanyl 500microg/250ml inf bags
1502010Z0AAACAC,Bupivacaine 500mg/500ml (0.1%) / Fentanyl 1mg/500ml inf bags
1502010Z0BB,Bufyl
1502010Z0BBAAAB,Bufyl 1mg/ml and 2micrograms/ml 250ml infusion bags
1502010Z0BBABAC,Bufyl 1mg/ml and 2micrograms/ml 500ml infusion bags
190400000AAJNJN,Dexamfetamine powder
